{"cameraMode":{"drawMode":0,"name":"Shaded","section":"Shading Mode"},"sceneLighting":true,"audioPlay":false,"sceneViewState":{"m_AlwaysRefresh":false,"showFog":true,"showSkybox":true,"showFlares":true,"showImageEffects":true,"showParticleSystems":true,"showVisualEffectGraphs":true,"m_FxEnabled":true},"in2DMode":false,"pivot":{"x":-13.329388618469239,"y":9.877513885498047,"z":3.0118484497070314},"rotation":{"x":-0.28490081429481509,"y":-0.14800351858139039,"z":0.043270546942949298,"w":-0.9464751482009888},"size":0.5114880800247192,"orthographic":false}